<?xml version="1.0" encoding="utf-8"?>
<Defs>

  <SoundDef>
    <defName>ROM_MeltingHiss</defName>
    <sustain>True</sustain>
    <context>MapOnly</context>
    <eventNames />
    <maxSimultaneous>1</maxSimultaneous>
    <priorityMode>PrioritizeNearest</priorityMode>
    <subSounds>
      <li>
        <name>Main hiss</name>
        <grains>
          <li Class="AudioGrain_Clip">
            <clipPath>Misc/Hiss/HissSmall</clipPath>
          </li>
        </grains>
        <volumeRange>
          <min>2</min>
          <max>2</max>
        </volumeRange>
        <pitchRange>
          <min>1.042391</min>
          <max>1.021195</max>
        </pitchRange>
        <paramMappings>
          <li>
            <inParam Class="SoundParamSource_SourceAge">
              <timeType>RealtimeSeconds</timeType>
            </inParam>
            <outParam Class="SoundParamTarget_Pitch">
              <pitchType>Multiply</pitchType>
            </outParam>
            <paramUpdateMode>Constant</paramUpdateMode>
            <curve>
              <points>
                <li>
                  <loc>
                    <x>-0.02839804</x>
                    <y>0.8161545</y>
                  </loc>
                </li>
                <li>
                  <loc>
                    <x>6.056979</x>
                    <y>1.037908</y>
                  </loc>
                </li>
                <li>
                  <loc>
                    <x>15.57441</x>
                    <y>1.26183</y>
                  </loc>
                </li>
                <li>
                  <loc>
                    <x>39.21252</x>
                    <y>1.51962</y>
                  </loc>
                </li>
              </points>
            </curve>
          </li>
        </paramMappings>
        <sustainLoopDurationRange>
          <min>5</min>
          <max>5</max>
        </sustainLoopDurationRange>
        <sustainIntervalRange>
          <min>-2.5</min>
          <max>-2.5</max>
        </sustainIntervalRange>
        <sustainAttack>2.5</sustainAttack>
        <sustainRelease>2.5</sustainRelease>
      </li>
    </subSounds>
  </SoundDef>

</Defs>
