<?xml version="1.0" encoding="utf-8" ?>
<Defs>

  <ThingDef ParentName="BaseFilth">
    <defName>ROM_FilthCobwebs</defName>
    <label>cobwebs</label>
    <statBases>
      <Beauty>-25</Beauty>
      <Cleanliness>-5</Cleanliness>
    </statBases>
    <graphicData>
      <texPath>Things/Filth/Cobwebs</texPath>
      <color>(235, 235, 235, 235)</color>
    </graphicData>
    <filth>
      <rainWashes>true</rainWashes>
      <cleaningWorkToReduceThickness>70</cleaningWorkToReduceThickness>
      <canFilthAttach>true</canFilthAttach>
    </filth>
  </ThingDef>

</Defs>
