<?xml version="1.0" encoding="utf-8" ?>
<Defs>

    <!-- 10 times deadlier -->


    <ToolCapacityDef>
        <defName>ROMA_Sting</defName>
    </ToolCapacityDef>


    <DamageDef ParentName="Bite">
        <defName>ROMA_Sting</defName>
        <label>neurotoxic bite</label>
        <additionalHediffs>
            <li>
                <hediff>ROMA_Neurotoxin</hediff>
                <severityPerDamageDealt>0.01</severityPerDamageDealt>
                <victimSeverityScaling>ToxicSensitivity</victimSeverityScaling>
            </li>
        </additionalHediffs>
    </DamageDef>


    <ManeuverDef>
        <defName>ROMA_Sting</defName>
        <requiredCapacity>ROMA_Sting</requiredCapacity>
        <verb>
            <verbClass>Verb_MeleeAttackDamage</verbClass>
            <meleeDamageDef>ROMA_Sting</meleeDamageDef>
        </verb>
        <logEntryDef>MeleeAttack</logEntryDef>
        <combatLogRulesHit>Maneuver_Bite_MeleeHit</combatLogRulesHit>
        <combatLogRulesDeflect>Maneuver_Bite_MeleeDeflect</combatLogRulesDeflect>
        <combatLogRulesMiss>Maneuver_Bite_MeleeMiss</combatLogRulesMiss>
        <combatLogRulesDodge>Maneuver_Bite_MeleeDodge</combatLogRulesDodge>
    </ManeuverDef>


</Defs>