﻿<?xml version="1.0" encoding="UTF-8" standalone="yes"?>
<Manifest>
  <identifier>RoM-Arachnophobia</identifier>
  <version>1.20.0.3</version>
  <dependencies>
    <li>JecsTools</li>
  </dependencies>
  <incompatibleWith />
  <loadBefore />
  <loadAfter>
    <li>HugsLib</li>
    <li>JecsTools</li>
  </loadAfter>
  <manifestUri>https://raw.githubusercontent.com/Rim-Of-Madness-Team/Rim-of-Madness---Arachnophobia/master/About/Manifest.xml</manifestUri>
  <downloadUri>https://github.com/Rim-Of-Madness-Team/Rim-of-Madness---Arachnophobia/releases</downloadUri>
</Manifest>